Keyword,Volume,Difficulty
"puerto central in san antonio, chile car rental",,
avis car rental se military dr san antonio tx,,
"thrifty car rental, crownhill blvd, san antonio,texas",,
rental car san antonio to houston,,
car rental san antonio near 281 and 1604,,
san antonio airport fox car rental,,
car rental san antonio airport to houston,,
san antonio tx enterprise car rental,,
san antonio rental car comparison,,
san antonio airport budget rental car,,
enterprise car rental airport san antonio tx,,
cheap rental car san antonio tx,,
"hertz car rental san antonio, tx",,
enterprise car rental near hampton inn airport in san antonio,,
avis rental car ingram park mall san antonio,,
san antonio classic car wedding rental,,
"private car rental in san antonio, texas",,
san antonio rental car locations close to riverwalk,,
alamo car rental drop off san antonio airport,,
fox rental car san antonio tx phone number,,
air fare hotel and car rental specials in san antonio tx,,
enterprise rental car locations san antonio texas,,
is there an advantage rental car at san antonio airport,,
dollar car rental san antonio international airport,,
car rental from mew york to san antonio tx,,
rental car places in san antonio,,
car rental airport san antonio,,
car rental 500 per monthly san antonio,,
car rental san antonio to new orleans,,
rental car shuttle service san antonio airport,,
is there a shuttle from san antonio airport to hertz rental car at 1335 northeast loop 410,,
payless car rental san antonio phone number,,
avis car rental near san antonio airport,,
rental car places near armtrak station in san antonio tx,,
fair car rental san antonio,,
car rental louisville to san antonio tx,,
1920's car rental san antonio texas,,
one way car rental san antonio to houston,,
"thrifty car rental, san antonio",,
san antonio airport payless car rental,,
san antonio payless car rental,,
enterp[rise rental car near omnio la mansion san antonio,,
enterprise car rental on s e military dr san antonio tx,,
car rental louisville to san antonio,,
low price car rental san antonio,,
car rental san antonio tx 78240,,
hertz car rental sales san antonio san pedro,,
avis car rental san antonio tx airport,,1
car rental coupons san antonio weekly,,
where do i return my alamo rental car in san antonio airport,,
car rental with driver san antonio,,
san antonio car rental suv,,
car rental deals san antonio texas,,
car rental san antonio south 1604,,
car rental companies in san antonio and dallas,,
avis rental car at san antonio airport,,
enterprise car rental riverwalk san antonio,,
car rental san antonio airport to houston international airport,,
most convenient san antonio car rental from airport,,
advantage car rental san antonio texa,,
$9.99 car rental san antonio,,
san antonio airport advantage car rental,,
national car rental san antonio tx,,
"enterprise car rental , san antonio,tx",,
enterprise rental car san antonio texas will pick you up,,
budget car rental san antonio near 78240,,
cheap one way car rental from san antonio to austin,,
cheapest car rental san antonio airport,,6
rental car services in san antonio,,
is there an enterprise car rental in san antonio,,
local car rental san antonio,,
"car rental san antonio, airport",,
car rental with bike rack san antonio,,
enterprise car rental san antonio i-10,,
one way car rental new orleans to san antonio,,
"thrifty car rental san antonio,tx",,
car rental located in san antonio tx airport,,
week long car rental san antonio texas,,
tripadvisor.com san antonio texas car rental,,
thrifty car rental parking lot san antonio,,
closest car rental to gunn nissan san antonio,,
san antonio international airport new rental car facility,,
car rental san antonio tx airport to round rock tx onewsy,,
"avis car rental city base san antonio, tx",,
car rental in san antonio riverwalk area,,
car rental near 1515s ellison dr san antonio,,
san antonio budget car rental,,
car rental agencies in san antonio chile,,
rental car san antonio to virginia,,
enterprise rental car location san antonio airport,,
car rental companies in san antonio airport,,
car rental knoxville to san antonio,,
enterprise rental car evans and 281 san antonio,,
"hertz car rental 9207 san pedro san antonio,tx",,
car rental san antonio monthly,,
san antonio missions airport car rental,,
enterprise rental car san antonio ih-35/loop 410 area,,
san antonio burned rental car husband killed,,
car rental san antonio convertible,,
enterprise car rental bandera san antonio,,
rental car san antonio to downtown,,
uber car rental san antonio,,
san antonio international airport consolidated rental car facility,,
cheap car rental drive from san antonio to washington dc,,
san antonio tx 78247 car rental,,
san antonio tx car rental cheap,,
car rental san antonio downtown and airport,,
enterprise rental car economy rates san antonio,,
alamo rental car at san antonio airport,,
rental car rates at the san antonio texas airport,,
enterprise car rental san antonio culebra,,
luxery car rental san antonio,,
avis car rental on ih 35 san antonio,,
car rental san antonio airport terminal reviews,,
hertz car rental san antonio texas riverwalk cars available,,
car rental drop.off san antonio airport,,
enterprise car rental san antonio texas 1604 and potranco,,
san antonio car rental reviews,,
rental car from colorado springs to san antonio texas,,
car rental winfield ks to san antonio,,
craigslist san antonio car rental,,
enterprise car rental eastern st san antonio tx,,
directions to san antonio airport car rental return,,
enterprise car rental san antonio i 35,,
payless car rental 9215 john saunders road san antonio tx 78216,,
enterprise car rental near dezavala san antonio,,
"phone number enterprise rental car 6318 san pedro, san antonio, tx",,
car rental mustang san antonio,,
san antonio redline exotic car rental,,
tourism in san antonio car rental,,
prices on car rental in san antonio tx,,
is advantage rental car located in the austin and san antonio airports,,
san antonio tex 78247 car rental,,
alamo car rental at san antonio airport,,
rental car in san antonio sat,,
rental car services san antonio tx,,
rent a wreck car rental san antonio,,
dollar rental car san antonio phone number,,
san antonio airport hertz rental car return,,
enterprise car rental weidner rd san antonio tx,,
car rental companies san antonio,,
home delivery rental car san antonio,,
san antonio airport rental car map,,
enterprise car rental san antonio texas type of cars,,
budget rental car phone number in san antonio airport,,
san antonio texas airport enterprise car rental,,
"phone number enterprise rental car 6400 san pedro, san antonio, tx",,
how to get to avis car-rental when arriving at san antonio airport,,
budget car rental parking lot san antonio,,
flight and car rental from pdx to san antonio tx,,
luxury rental car san antonio tx,,
google route travel by rental car sat to fredericksburg texas from san antonio,,
long term car rental san antonio tx,,
rental car prices san antonio,,
enterprise car rental cost san antonio airport,,
car rental from houston to san antonio,,
reddit best car rental san antonio airport,,
"hertz car rental 9207 san pandro san antonio,tx",,
car rental locations in san antonio tx,,
san antonio airport car rental thrifty vs dollar rent a car,,
san antonio car rental riverwalk,,
san antonio car rental except debit card,,
sixt car rental in san antonio,,
"phone number enterprise rental car 6319 san pedro, san antonio, tx",,
5 dollar car rental san antonio,,
thrifty san antonio car rental airport,,
"advantage car rental lackland afb to 3635 crooked trail, san antonio, tx 78227",,
budget car rental locations in san antonio tx,,
location of ez rental car in san antonio airport,,
directions to san antonio airport alamo car rental,,
rental car locations san antonio airport,,
car tool rental san antonio,,
best car rental companies in san antonio texas,,
avis car rental in san antonio tx,,
car rental rates san antonio car budddy,,
rental car kansas city to san antonio,,
ez car rental san antonio airport address,,
car rental near airport san antonio,,
"avis car rental 411 san pedro ave, san antonio",,
how easy is the car rental situation at san antonio airport,,
classic car rental san antonio wedding,,
dollar rental car return san antonio airport,,
enterprise car rental airport san antonio,,
national rental car return san antonio airport,,
"thrift car rental, crownhill blvd, san antonio,texas",,
san antonio airport rental car shuttle,,
rental car seattle washing to san antonio tx,,
car rental san antonio airpor,,
smart car rental san antonio,,
san antonio rental car return,,
budget car rental san antonio to 18049,,
what is thrifty car rental expedia san antonio,,
which car rental is inside terminal at san antonio,,
reviews of e-z rental car san antonio,,
backpage rental car san antonio,,
thrifty car rental pick up at san antonio air port,,
san antonio tx latest car rental return,,
sixt car rental san antonio international airport,,
alamo rental car reviews san antonio airport,,
budget car rental locations san antonio tx,,
rental car prices in san antonio texas,,
rental car open at san antonio airport after 10pm,,
car rental fees san antonio airport,,
progressive car rental partner san antonio,,
thrify car rental san antonio,,
lowest weekly car rental rates in san antonio,,
car rental from san antonio to dallas love field airport,,
car rental san antonio t,,
advantage rental car reviews san antonio,,
car rental out of san antonio airport,,
car rental at san antonio tx airport,,
san antonio tx airport dollar rental car,,
car painting booth rental in san antonio,,
san antonio tx advantage car rental,,
enterprise car rental 808 s. saint mary's san antonio tx,,
enterprise car rental san antonio airort,,
best car rental company in san antonio,,
"car rental, san antonio",,
dollar rental car san antonio international airport,,
car rental specials san antonio,,
directions to enterprise rental car at the san antonio international airport,,
10+ passenger car rental in san antonio,,
rental car services san antonio texas,,
non airport car rental san antonio,,
"hertz, dollar, thrifty car rental, san antonio, tx",,
car rental from san antonio to austin,,
car rental san antonio airport phone number,,
san antonio airport to ez car rental,,
car rental reviews san antonio,,
"rental car service, san antonio medical center area",,
payless car rental location at san antonio airport,,
alamo car rental locations san antonio texas,,
geapest car rental san antonio,,
car rental odessa tx to san antonio tx,,
closest car rental in san antonio chile,,
do you need a rental car in san antonio,,
alamo car rental in san antonio locations,,
alamo national car rental deals san antonio tx,,
alamo rental car return san antonio,,
san antonio rental car sales,,
"thrifty car rental, 8790 crownhill blvd, san antonio, tx 78209",,
rental car sales san antonio tx,,
car rental cheap san antonio,,
alamo rental car 8530 eastern st san antonio texas,,
car rental san antonio bandera,,
cheapest car rental companies in san antonio,,
car rental on bus station at 500 n saint marys street san antonio,,
dollar car rental phone number san antonio texus,,
san antonio tx dollar rental car,,
alamo car rental san antonio phone number,,
from san antonio airpot to rental car thifthy,,
advantage rental car at san antonio. tx,,
car rental downtown san antonio riverwalk,,
rental car agency san antonio airport,,
dee jackson alamo rental car san antonio texas,,
car rental military discount san antonio,,
rental car downtown san antonio,,
where to pick up rental car at san antonio airport,,
trip advisor + thrifty car rental san antonio,,
car rental san antonio military discount,,
nuvo car rental san antonio chile,,
ford car rental san antonio,,
budget car rental 430 sandau rd san antonio tx,,
24 hour car rental and san antonio international airport,,
"thrifty car rental, san antonio, tx",,
best rental car deals in san antonio airport,,
monthly car rental rates san antonio,,
cost of rental car in san antonio 4 days,,
payless car rental san antonio age requirment,,
onsite car rental san antonio international airport,,
san antonio airport car rental reviews,,
"chevy camero car rental san antonio, tx",,
budget rental car sales san antonio,,
rosselot car rental san antonio chile,,
san antonio texas do i need a rental car,,
hertz car rental san antonio texas riverwalk,,
san antonio airport car rental returns,,
signs for rental car return san antonio airport,,
payless car rental san antonio tx reviews,,
wek long car rental san antonio texas,,
one way car rental from houston to san antonio,,
multi state round trip car rental san antonio tx,,
san antonio union station car rental,,
enterprise rental car san antonio compact sedan,,
san antonio airport enterprise rental car,,
enterprise car rental san antonio fredericksburg email,,
hertz rental car sales san antonio tx,,
san antonio enerprise car rental,,
car rental near san antonio,,
alamo rental car sales san antonio,,
"is there a car rental near this hotel 11155 tx-1604 loop, san antonio, tx 78254",,
rental car - san antonio airport,,
enterprise airport car rental locations in san antonio tx,,
thrifty car rental san antonio airport photos,,
ford flex rental car sales san antonio texas,,
enterprise car rental san antonio airport reviews,,
car rental san antonio to kingsville tx,,
what car rental companies are at san antonio airport,,
hertz car rental near san antonio airport,,
rental car san antonio ratings,,
car rental office downtown san antonio,,
fox rental car san antonio texas,,
sport car rental san antonio,,
nearest enterprise rental car from 200 s alamo st san antonio tx,,
what rental car agencies are at san antonio terminal,,
one way car rental santiago chile to san antonio chile,,
car rental near san antonio bus station,,
who has the best rental car deals in san antonio,,
super car rental san antonio,,
avis rental car san antonio downtwon,,
"dollar car rental, san antonio airport",,
enterprise rental car san antonio colorado,,
thrifty airport car rental return san antonio,,
rental car companies in san antonio airport,,
enterprise car rental airport international san antonio tx,,
car rental from tulsa to san antonio,,
payless rental car reviews san antonio tx,,
car rental san antonio 78240,,
car rental san antonio enterprise,,
one way car rental san antonio to dallas,,
rental car to from san antonio texas to austn,,
"rental car, san antonio airport",,
file complaint on dollar rental car san antonio tx airpot,,
24 hour car rental san antonio,,
car rental dowwntown san antonio,,
car rental from san antonio to galveston,,
avis car rental near riverwalk san antonio,,
san antonio airport car rental payless,,
avis rental car san antonio airport maps,,
hertz car rental return san antonio airport,,
car rental in san antonio texas for march 20-24,,
ez rental car san antonio,,
"rental car from san antonio airport to austin, tx",,
weekly car rental deals in san antonio tx,,
san antonio airport rental car 3 days,,
private car rental in san antonio,,
premium car rental san antonio,,
san antonio airport car rental hertz,,
car rental companies in san antonio,,
rental car grand junction to san antonio,,
car rental san antonio not airport terminal,,
enterprise one way car rental san antonio tx,,
budget car rental san antonio locations,,
thrifty car rental pickup at san antonio airport,,
mom and pops car rental san antonio,,
dollar rental car san antonio de zavala,,
san antonio national rental car,,
non airport car rental in san antonio,,
car rental alamogordo to san antonio tx,,
local car rental san antonio airport,,
which car rental agencies are in terminal in san antonio,,
car rental san antonio not at airport terminal,,
car rental ny to san antonio tx,,
alamo car rental san antonio texas local phone number,,
flghts and car rental to san antonio airport,,
enterprise car rental potranco road san antonio tx,,
"car rental lackland afb to 3635 crooked trail, san antonio, tx 78227",,
rental car san antonio airport dodge challenger,,
sixt car rental san antonio airport reviews,,
hertz car rental san antonio ih 35,,
rental car seattle to san antonio tx,,
san antonio international airport car rental avis,,
lowest price car rental san antonio,,
"avis car rental, 9215 john saunders rd, san antonio, tx 78216",,
"map enterprise rental car 6318 san pedro, san antonio, tx",,
san antonio airport rental car locations on airport vs shuttle,,
thrifty rental car san antonio hours,,
thrifty car rental return san antonio airport,,
enterprise rental san antonio compact car list,,
under 25 car rental fee san antonio,,
dollar car rental return san antonio airport,,
car rental momma san antonio,,
fox rental car san antonio airport reviews,,
enterprise rental car at the san antonio airport,,
car rental airport san antonio tx,,
hertz car rental san antonio international airport,,
advantage car rental san antonio corporate office,,
enterprise rental car 808 s st.marys san antonio,,
"thrifty car rental san antonio, tx",,
avis car rental airport san antonio,,
dollar san antonio car rental,,
thrifty car rental san antonio airport local phone number,,
"aaa rental car at san antonio, tx airport",,
riverwalk mall san antonio avis car rental address,,
rental car from san antonio airport to college station tx,,
car rental san antonio airport budget,,
car rental at san antonio convention center,,
rental car companyat san antonio airport,,
car rental - san antonio,,
san antonio airport car rental location,,
google san antonio car rental,,
"car rental near 500 n st marys st, san antonio, tx 78205",,
cheap car rental in san antonio airport,,
alamo rental car san antonio airport',,
rental car san antonio ibiza,,
rental car near spring hills suites riverwalk san antonio,,
file complaint dollar rental car san antonio texas,,
san antonio airport hertz car rental,,
car rental from san diego to san antonio,,
san antonio enterprise car rental market place,,
enterprise car rental in san antonio in the west side of town,,
alamo rental car san antonio airport reviews,,
car rental san antonio avis,,
car rental denver to san antonio,,
san antonio airport car rental thrifty vs dollar car rental,,
car rental near amtrak san antonio,,
1 day car rental san antonio,,
rental car san antonio under 25,,
enterprise car rental san antonio rd,,
advantage auto car rental san antonio,,
cheap rental car deals san antonio,,
dollar rental car san antonio texas,,
does san antonio have a car rental agency ?,,
alamo car rental san antonio reviews,,
car rental prices san antonio,,
where is the alamo car rental at at san antonio airport,,
san antonio car rental deals,,
enterprise car rental potranco rd san antonio texas,,
san antonio airport fox rental car return,,
hertz rental car on parkway in san antonio texas,,
rental car airport san antonio,,
enterprise car rental one way to dallas tx from san antonio,,
walker family enterprise rental car san antonio,,
car rental cibolo san antonio,,
san antonio airport car rental shuttle,,
san antonio texas international airport hertz car rental,,
hertz car rental san antonio airport hours,,
car rental san antonio to san drancisco,,
fox rental car san antonio international airport,,
"car rental, san antonio tx",,
alamo car seat rental san antonio,,
hertz rental car san antonio location,,
hertz car rental san antonio tx,,
san antonio budget rental car airport,,
payless car rental san antonio airport hours,,
sports car rental san antonio texas,,
"rental car companies in san antonio, tx",,
"dollar rental car san antonio, tx",,
rental car insurance san antonio tx,,
rental car in san antonio tx 78221,,
rental car deals near san antonio airport,,
"""day car rental in san antonio""",,
budget car rental san antonio international airport cojupons,,
"rental car for today in san antonio, texas",,
dollar rental car san antonio airport main line,,
enterprise car rental rate san antonio,,
car rental san antonio airport enterprise lakland airforce,,
enterprise car rental san antonio st mary's,,
enterprise rental car near san antonio airport,,
directions to the alamo car rental at san antonio airport,,
car rental san antonio airport enterprise lakland airforce base,,
car rental for 21 years old san antonio tx,,
alamo car rental san antonio location,,
san antonio airport rental car facility,,
action car rental. san antonio tx,,
alamo car rental san antonio near me,,
rental car locations in san antonio texas,,
car rental near 1515 s ellison dr san antonio,,
san antonio rental car center,,
compare car rental pricing phoenix az to san antonio,,
car rental rates san antonio car buddy,,
san antonio car rental requirements,,
car rental hours san antonio airport,,
www.national car rental locations san antonio,,
thrifty or dollar rental a car san antonio,,
car rental santiago to san antonio chile,,
dowtown san antonio car rental,,
monthly rental car rates in san antonio,,
san antonio consolidated rental car facility map,,
san antonio airport hotel with car rental,,
"san antonio, tx car rental, 78230",,
enterprise car rental near riverwalk san antonio,,
national rental car san antonio international airport,,
rental car sales san antonio texas,,
hertz car rental san antonio air port,,
"budget rental car, san antonio airport, tx",,
san antonio cheqp hotel car rental deals,,
car rental rates in san antonio,,
avis car rental san antonio rivercenter,,
avis car rental san antonio airport reviews,,
rental car from austin to san antonio,,
eonomy car rental san antonio airport,,
park and pick up car rental san antonio airport,,
enterprise car rental san antonio loop 410,,
rental car with 4wd san antonio,,
san antonio airport car rental center,,
arent there any rental car companies on property at san antonio international airport,,
"car rental san pedro ave, san antonio t",,
where to buy gas around hertz rental car san antonio airport,,
car rental san antonio carport,,
sixt car rental locations san antonio tx,,
san antonio long term rental car,,
sixt car rental san antonio local number,,
advantage car rental at san antonio airport,,
"national car rental, 8530 eastern st, san antonio, tx 78216",,
rental car san antonio to santa fe,,
"car rental from san antonio airport to corpos christie, texas",,
rental car from houston to san antonio,,
hertz car rental san antonio airport direction,,
car dolly rental san antonio tx,,
budget rental car locations san antonio,,
economy car rental san antonio,,
trip advisor san antonio car rental,,
san antonio airport map advantage rental car,,
avis rental car san antonio hours,,
\car rental san antonio,,
san antonio rental car map,,
san antonio international airport rental car desk,,
thrifty car rental reviews san antonio airport,,
enterprise rental car san antonio 78259,,
local san antonio car rental,,
car rental san antonio international,,
list of rental car locations in san antonio texas,,
san antonio rental car news,,
car rental san antonio open avis,,
car rental san antonio airport budget?,,
san antonio texas budget car rental,,
alamo san antonio car rental,,
hertz rental car san antonio texas airport,,
rental car companies san antonio list,,
car rental between austin and san antonio,,
"car rental near 500 n st mary's st, san antonio, tx 78205",,
san antonio woman missing found dead in burned rental car,,
alamo rental car airport san antonio,,
ratings for san antonio airport car rental on site,,
alamo car rental san antonio airport location,,
"alamo rental car, san antonio international airport, hours",,
enterprise rental car wurzbach rd san antonio,,
car rental rates san antonio tx,,
"car rental santiago chile one way to san antonio, valpariso, chile",,
dollar rental car return san antonio tx,,
exotic car rental san antonio tx,,
car rental san antonio hours,,
enterprise rental car san antonio by 16465 henderson pass rd,,
enterpise rental car san antonio airport,,
rental car avis san antonio,,
san antonio sat car rental,,
rental car from burlington to san antonio,,
which car rental is located at the terminal san antonio,,
are any car rental places at airport san antonio,,
enterprise rental car san antonio riverwalk,,
location of alamo rental car at san antonio airport,,
22 year old san antonio rental car,,
train station san antonio tx rental car nearby,,
car rental san antonio national,,
san antonio airport rental car hours,,
google routetravel by rental car sat to fredricksburg texas from san antonio,,
hertz rental car in san antonio,,
budget car rental san antonio airport shuttle,,
out of state car rental san antonio,,
where is rental car location at san antonio airport,,
"car rental near 373-399 broadway st, san antonio, tx 78205, usa",,
car rental san antonio airport advantage,,
enterprise rental car locations in san antonio texas,,
sixt car rental san antonio texas,,
avis car rental near san antonio texas amtrak station,,
budget car rental reviews san antonio airport,,
car rental from new york to san antonio tx,,
car rental alamagordo to san antonio tx,,
car rental san antonio airport aaa,,
rental car places san antonio,,
car rental houston airport return san antonio,,
san antonio airport hertz rental car,,
rental car companies san antonio texas,,
budget rental car in san antonio texas,,
"last minute car rental deals in san antonio, texas",,
thrifty car rental san antonio airport shuttle hours operation,,
car rental san antonio 78250,,
how much is car rental from denver to san antonio,,
dollar car rental san antonio texas,,
rental car agencies near amtrak stations in san antonio that are open late,,
rental car san antonio dec 9 thru dec11,,
dollar rental car airport san antonio,,
car rental comparison san antonio texas,,
enterprise car rental 101150 n us highway 281 san antonio tx,,
dollar rental car san antonio airport hours,,
san antonio national car rental,,
enterprise car rental near service king on thousand oaks san antonio,,
one way car rental from san antonio to leesburg va,,
san antonio rental car enterprise airport,,
"cheap round trip flight and rental car from san antonio, tx to anaheim, ca",,
enterprise rental car near 4220 fredricksburg rd san antonio tx,,
best car rental near san antonio airport,,
#ERROR!,,
do i have to take a shuttle to rental car at san antonio,,
classic car entertainment rental in san antonio,,
monthly rental car san antonio,,
car rental and hotel from houston to san antonio,,
san antonio airport rental car return ez,,
car rental near amtrak station san antonio,,
rental car location san antonio airport,,
where do i return my alamo rental car in san antonio,,
san antonio rental car enterprise,,
enterprise car rental san antonio ts,,
enterprise car rental san antonio near me,,
rental car return area at san antonio airport,,
cheap car rental at san antonio airport,,
one way cheap car rental from san antonio,,
car rental in san antonio tx near greyhound,,
hertz car rental - san antonio - north park lincoln mercury hle,,
avia rental car san antonio hours,,
budget rental car 430 sandau rd san antonio tx,,
24 hour rental car san antonio tx,,
car rental for san antonio texas,,
rental car companies san antonio airport,,
san antonio advantage car rental,,
dollar car rental reviews san antonio airport,,
car rental rates san antonio booking buddy,,
l san antonio texas rental. car,,
hertz rental car locations san antonio,,
san antonio classic car rental,,
dodge challenger rental car san antonio,,
advantage car rental san antonio review,,
cheap rental car in san antonio,,
"enterprise rental car san antonio, texas",,
ali car rental san antonio,,
avis car rental office hours in san antonio airport,,
"tripadvisor rental car to monterrey, mx from san antonio",,
san antonio car rental under 25,,
"payless car rental in san antonio, tx",,
rental car companies in san antonio airport that allow rental under age of 25,,
thrify or dollar rental a car san antonio,,
avis rental car fleet san antonio tx,,
trivago car rental san antonio,,
enterprise rental car river walk san antonio,,
car rental dallas to san antonio and back,,
car rental cost from san antonio to 18049,,
car rental military retired discount san antonio,,
alamo car rental locarions san antonio texas,,
enterprise rental car san antonio ww white,,
san antonio off airport car rental,,
"car rental places near 12222 vance jackson road ,san antonio, tx",,
buick car rental in san antonio airport,,
san antonio budget car rental potranco,,
rental car san antonio deal,,
100 citibank dr san antonio tx 78245 near car rental,,
san antonio airport advanage car rental,,
san antonio 8333 w. interstate 10 car rental,,
car rental san antonio june 16,,
"car rental near san antonio, tx",,
enterprise car rental marshall rd san antonio,,
redline exotic car rental san antonio,,
rental car feom port a to san antonio,,
monthl car rental san antonio,,
small car storage rental san antonio,,
car rental texas san antonio,,
budget rental car airport san antonio tx,,
rental car companies san antonio,,
firefly car rental san antonio airport,,
rental car from san antonio to new orleans,,
pick up return car rental san antonio,,
san antonio airport rental car parking,,
car rental madison ohio to san antonio tx,,
hertz rental car san antonio airport reviews,,
san antonio hotel with car rental,,
chrysler pacifica rental car san antonio,,
alamo car rental san antonio texas,,
low one way car rental san antonio to dallas,,
car rental san antonio air,,
san antonio rental car locations,,
american car rental san antonio,,
hertz rental car dropoff san antonio,,
"alamo car rental san antonio, tx",,
car rental places san antonio,,
$200 a week car rental san antonio,,
car rental san antonio tx no credit card,,1
car lift rental san antonio,,
national car rental return san antonio,,
payless car rental san antonio small cars,,
is there enterprise rental car in san antonio,,
car rental delivery to your door san antonio,,
smart car rental san antonio parking,,
san antonio airport rental car return alamo,,
fox car rental in san antonio,,
one way car rental from austin tx to san antonio,,
san antonio airport car rental map,,
tripadvisor + thrifty car rental san antonio,,
"week special car rental in san antonio,tx",,
one way car rental dallas to san antonio for 24 year old female,,
"picture car rental san antonio, tx",,
dollar rental car reviews san antonio,,
hotel and car rental san antonio tx,,
enterprise rental car san antonio bandera and guilbeau,,
"avis car rental, 6301 nw loop 410, san antonio, tx",,
thrifty car rental office san antonio international airport,,
cheapest deposit car rental san antonio airport,,
san antonio texas rental. car,,
lax to san antonio rental car,,
easiest rental car san antonio airport,,
best rental car deals in san antonio tx,,
hotel airfare car rental san antonio,,
budget rental car review san antonio google,,
san antonio airport alamo rental car,,
alamo car rental inventory san antonio tx,,
return rental car to san antonio airport,,
rental car from corpus christi to san antonio,,
ez car rental reviews san antonio,,
"rental car san antonio, tx",,
best rental car in san antonio tx,,
car rental to san antonio,,
"national rental car san antonio, tx",,
sixt car rental san antonio tx,,
san antonio airport car rental?,,
car rental one way corpus to san antonio,,
car rental with a leave your car lot in san antonio,,
car rental san angelo to san antonio,,
car rental albuquerque to san antonio,,
"nearest car rental near me at 138 richland hills drive, san antonio, tx 78245-2491",,
car rental away from san antonio airport,,
car rental san antonio to san francisco,,
"san antonio, tx car rental",,
avis sat san antonio intl airport car rental counter location,,
san antonio airport rental car companies,,
avis car rental in san antonio airport,,
car rental under 25 years old san antonio,,
rental car downtoan san antonio,,
san antonio airport national car rental,,
car rental near 13294 hunters view san antonio tx,,
rental car pickup hours san antonio airport,,
best rental car deals in san antonio,,
"manual car rental san antonio, tx",,
national san antonio car rental,,
car tow dolly rental san antonio,,
"cheapest car rental from dfw airport to san antonio, tx",,
rental car companies san antonio tx,,
"enterprise car rental, san antonio, texas",,
avis car rental southside san antonio,,
san antonio amtrak station car rental,,
one way car rental austin to san antonio,,
avis car rental san antonio locations,,
rental car agencies near 350 hoefgen street san antonio open late,,
used rental car sales san antonio,,
advantage car rental return san antonio airport,,
budget rental car on sandau road in san antonio,,
amigo car rental san antonio,,
weekly car rental san antonio tx,,
rental car specials in san antonio,,
car rental san antonio airport enterprise lackland airforce base,,
"car for rental in near 300-398 4th st, san antonio, tx 78205, usa",,
best rental car rate from san antonio,,
fort san antonio car rental,,
groupon san antonio rental car,,
budget rental car jobs san antonio,,
san antonio amtrak rental car,,
what car rental is open 24hours at san antonio airport,,
show enterprise car rental locations in san antonio tx,,
rental car from san antonio tx to los angeles california,,
suv car rental san antonio texas,,
hertz in san antonio rental car,,
"how to get to alamo rental car at the airport in san antonio,tx",,
driving directions frim vamos rental car san jose costa rica to manuel antonio,,
car rental san antonio hertz,480,
car rental san antonio airport enterprise,260,
car rental san antonio unlimited mileage,10,
car rental san antonio airport texas,10,
car rental san antonio to austin,10,
car rental san antonio to dallas,0,
car rental san antonio prices,0,
car rental san antonio escalade,0,
car rental san antonio bay ibiza,0,
car rental san antonio bay,0,
car rental san antonio amtrak station,0,
car rental san antonio to houston,0,
car rental san antonio to el paso,0,
car rental san antonio with debit card,0,
caro car rental san antonio,170,
amazing car rental san antonio,170,
discount car rental san antonio tx,140,
hertz car rental san antonio airport sat,70,
priceline car rental san antonio,40,
expedia car rental san antonio,40,
dollar car rental san antonio tx,30,
hertz car rental san antonio alamo heights hle sat,20,
hertz car rental san antonio texas airport,20,
dollar car rental san antonio reviews,20,
thrifty car rental san antonio international airport sat,20,
toyota car rental san antonio,20,
luxury car rental san antonio texas,20,
budget car rental san antonio tx airport,20,
lyft car rental san antonio,10,
sixt car rental san antonio tx airport,10,
sixt car rental san antonio airport phone number,10,
hotwire car rental san antonio,10,
best car rental san antonio,10,
royal exotic car rental san antonio,10,
national car rental san antonio locations,10,
national car rental san antonio texas airport,10,
avis car rental san antonio international airport,10,
orbitz car rental san antonio,10,
payless car rental san antonio airport phone number,10,
budget car rental san antonio reviews,10,
enterprise exotic car rental san antonio,10,
costco car rental san antonio,10,
dollar car rental san antonio airport reviews,10,
dollar car rental san antonio international airport sat,10,
enterprise car rental san antonio airport phone number,10,
enterprise car rental san antonio international airport,10,
weekly car rental san antonio,10,
fox car rental san antonio tx,10,
hertz car rental san antonio airport sat san antonio tx,10,
hertz car rental san antonio locations,10,
fox car rental san antonio airport phone number,10,
thrifty car rental san antonio airport phone number,10,
alamo car rental san antonio international airport,10,
alamo car rental san antonio locations,10,
thrifty car rental san antonio locations,10,
avis car rental san antonio downtown,0,
thrifty car rental san antonio intl airport,0,
avis car rental san antonio 1604,0,
vintage car rental san antonio texas,0,
aaa car rental san antonio airport,0,
avis car rental san antonio hours,0,
fox car rental san antonio reviews,0,
hertz car rental san antonio texas,0,
enterprise car rental san antonio phone number,0,
coupon for car rental san antonio,0,
electric car rental san antonio,0,
enterprise car rental san antonio valley high,0,
old car rental san antonio,0,
one way car rental san antonio to austin,0,
penske car rental san antonio,0,
kayak car rental san antonio airport,0,
enterprise san antonio,3600,
cheap car rentals san antonio,2400,
hertz san antonio,1600,
enterprise san antonio airport,1300,
rent a van san antonio,1300,
hertz airport san antonio,880,
turo san antonio,880,
enterprise rent a car san antonio,720,
avis san antonio,720,
enterprise san antonio texas,480,
cheap car rentals san antonio tx,390,
enterprise rent a car san antonio tx,390,
san antonio enterprise,320,
rent passenger van san antonio,260,
why is fox rent a car so cheap,260,
rental cars san antonio tx airport,210,
hertz san antonio locations,170,
enterprise rental san antonio,170,
hertz san antonio texas,170,
suv rental san antonio,170,
fox rent a car san antonio airport,140,
minivan rental san antonio,140,
san antonio car hire,140,
exotic rentals san antonio,110,
budget san antonio,110,
enterprise locations san antonio,110,
car suv & van rental san antonio,110,
avis san antonio tx,90,
hertz rental car san antonio texas,90,
exotic car san antonio,90,
fox rent a car san antonio reviews,70,
jeep rental san antonio,70,
car rental lackland afb,70,
hertz car sales san antonio north east,70,
do you need to rent a car in san francisco,70,
car rental near san antonio tx,70,
does aaa pay for rental cars,70,
tesla rental san antonio,70,
san antonio airport rentals,70,
what does hertz do for gaming,50,
avis san antonio locations,50,
budget rental san antonio,50,
hertz rental san antonio,50,
rent a tesla san antonio,50,
enterprise car rental san pedro san antonio tx,50,
vehicle rental san antonio,50,
does alamo car rental have aaa discount,50,
do i need to rent a car in san diego,50,
budget in san antonio tx,50,
alamo rent a car san antonio,50,
national san antonio airport,50,
suburban rental san antonio,40,
corvette rental san antonio,40,
rent a wreck san antonio,40,
enterprise rent a car near san antonio tx,40,
car rental converse tx,40,
rental cars near san antonio tx,40,
enterprise near san antonio tx,30,
enterprise near san antonio airport,30,
enterprise hours san antonio,30,
cheap car rentals san antonio tx airport,30,
enterprise holdings san antonio,30,
enterprise downtown san antonio,30,
cheap van rental san antonio,30,
enterprise rent a car san antonio locations,30,
hertz uber san antonio,30,
hertz san antonio international airport,30,
9559 airport boulevard san antonio,30,
alamo rental san antonio,30,
san antonio enterprise rental car,30,
royal exotic rentals san antonio,30,
rental vehicles san antonio,30,
avis rental san antonio,30,
rent a car near san antonio tx,30,
car hire san antonio bay ibiza,30,
hertz near san antonio tx,30,
car rental austin to san antonio,30,
hertz san antonio car sales,30,
hertz rental san antonio tx,20,
san antonio airport car hire,20,
europcar san antonio,20,
san antonio hertz locations,20,
san antonio hertz airport,20,
hertz car rental in san antonio texas,20,
turo san antonio airport,20,
full size suv rental san antonio,20,
enterprise san antonio tx airport,20,
rental san antonio airport,20,
hertz san antonio road,20,
enterprise san antonio riverwalk,20,
hertz san antonio tx airport,20,
enterprise rental in san antonio texas,20,
enterprise san antonio palo alto,20,
enterprise rent a truck san antonio,20,
mercedes van rental san antonio,20,
rental cars converse tx,20,
one way rental cars san antonio,20,
fox rent a car san antonio intl airport,20,
hertz san antonio airport hours,20,
rent tesla san antonio,20,
rental car center san antonio airport,20,
rental car lackland air force base,20,
do rental cars record you,20,
will united pay for rental car,20,
avis locations in san antonio,20,
budget rental cars in san antonio,20,
car rentals at san antonio airport in texas,20,
auto rental san antonio,20,
convertible rental san antonio,20,
avis northeast san antonio,20,
avis san antonio riverwalk,20,
car rental companies in san antonio texas,20,
hertz san antonio downtown,10,
jeep rentals in san antonio tx,10,
avis 78223,10,
hertz rental san antonio tx airport,10,
san antonio enterprise locations,10,
jeep rental san antonio texas,10,
jeep wrangler rental san antonio,10,
car hire san antonio texas,10,
do alamo rental cars have gps,10,
royal exotic rentals san antonio tx,10,
how much to rent a car in san antonio,10,
auto rental san antonio airport,10,
hertz san antonio hours,10,
hertz san antonio texas airport,10,
sixt rental san antonio,10,
hertz san antonio de zavala,10,
hertz san antonio rental,10,
hertz san antonio riverwalk,10,
sixt rental san antonio airport,10,
hertz san antonio car rental,10,
car rental 78249,10,
san antonio international airport enterprise,10,
car rental 78233,10,
hire car san antonio,10,
hire car san antonio airport,10,
silvercar san antonio,10,
san antonio tx enterprise,10,
hertz san antonio alamo heights,10,
lyft express drive san antonio,10,
rent a van san antonio texas,10,
rent exotic cars in san antonio,10,
bmw rental san antonio,10,
rental car fort sam houston,10,
rent a jeep san antonio,10,
rental car hours san antonio airport,10,
avis stone oak san antonio tx,10,
san antonio airport car,10,
avis san antonio car sales,10,
avis san antonio car rental,10,
rental cars san antonio airport enterprise,10,
rental cars san antonio cheap,10,
avis san antonio airport hours,10,
avis rental san antonio tx,10,
rent a tesla in san antonio,10,
rent a clunker san antonio,10,
can you rent a car from enterprise on sunday,10,
san antonio airport rental cars in terminal,10,
minivan rental san antonio tx,10,
budget rental san antonio tx,10,
hertz near san antonio airport,10,
budget rental car san antonio locations,10,
budget rental car san antonio airport parking,10,
nissan gtr rental san antonio,10,
rent a car san antonio cheap,10,
budget car san antonio,10,
san antonio airport rental car center,10,
enterprise san antonio international airport,10,
hertz marriott san antonio,10,
enterprise i35 san antonio,10,
cheap minivan rentals in san antonio,10,
vintage car rentals san antonio tx,10,
cheap car rentals converse tx,10,
enterprise car rental sat airport,10,
enterprise car rental se military dr san antonio tx,10,
enterprise car san antonio,10,
enterprise fredericksburg san antonio tx,10,
enterprise i 35 san antonio,10,
vehicle rentals san antonio tx,10,
cheap rental cars converse tx,10,
enterprise near me san antonio,10,
enterprise rent a car 78216,10,
van rental san antonio unlimited mileage,10,
uber rental san antonio,10,
enterprise rent a car san antonio texas airport,10,
hertz locations in san antonio,10,
ace rent a car san antonio,10,
enterprise rental car san antonio texas airport,10,
turo rental san antonio,10,
4x4 truck rental san antonio,10,
why are used rental cars cheap,10,
compact suv rental in san antonio,10,
dollar car rentals in san antonio,10,
dollar rent a car san antonio texas airport,10,
enterprise bandera rd san antonio tx,10,
what is the best rental car website,10,
enterprise car rental culebra san antonio,10,
enterprise car rental fredericksburg road san antonio,10,
enterprise car rental near san antonio tx,10,
cheap suv rentals in san antonio,10,
enterprise rental san antonio tx airport,10,
hertz 410 san antonio,10,
fox rent a car san antonio tx,10,
enterprise sa tx,10,
alamo rent a car san antonio tx,10,
g wagon rental san antonio,10,
hertz 78216,10,
alamo rental san antonio tx,10,
suv rental san antonio tx,10,
alamo rental car san antonio locations,10,
car rental near lackland afb,10,
hertz car sales san antonio live oak,10,
enterprise san antonio bandera,10,
enterprise san antonio military dr,10,
hertz dezavala san antonio,10,
hertz de zavala san antonio,10,
enterprise st marys san antonio,10,
hertz car sales san antonio north east live oak tx,10,
hertz car sales san antonio north east live oak,10,
alamo car rentals in san antonio,10,
ez rent a car san antonio airport,10,
avis car sales san antonio reviews,0,
where to drop off rental car at san antonio airport,0,
where is car rental at san antonio airport,0,
where is hertz car rental at san antonio airport,0,
avis car sales san antonio live oak,0,
st anthony nl car rental,0,
san antonio airport car rental address,0,
san antonio airport hertz rental car address,0,
what time are rental cars due back,0,
san antonio airport rental car return address,0,
san antonio car rental military,0,
vehicle rental san antonio airport,0,
auto rentals san antonio texas,0,
avis car rental stone oak san antonio,0,
san antonio rental car drop off,0,
are rental cars cheaper on weekends,0,
san antonio airport hertz rental car shuttle,0,
what car rentals are at san antonio airport,0,
do rental cars have stickers,0,
rental cars san antonio train station,0,
fox car rental return san antonio airport,0,
car rental places near san antonio airport,0,
hertz car rental at san antonio airport,0,
car rental places at san antonio airport,0,
car rental near san antonio train station,0,
car rental from san antonio to houston,0,
hertz rental car drop off san antonio airport,0,
do rental places sell cars,0,
do you need a credit card to rent a car in california,0,
classic car rental for wedding san antonio,0,
car rentals san antonio under 21,0,
car rental st anthony nl,0,
car rental st anthony newfoundland,0,
car rental st anthony mn,0,
car rental south side san antonio,0,
hertz rental car rates san antonio,0,
rental car san antonio airport 24 hours,0,
rent a car san antonio near me,0,
budget rental car drop off san antonio airport,0,
budget car rental near san antonio airport,0,
national car rental return san antonio international airport,0,
rental car deals san antonio airport,0,
rental car delivery san antonio,0,
rental car from san antonio to austin,0,
rental car from san antonio to dallas,0,
rental car prices san antonio tx,0,
rental car rates san antonio,0,
national car rental sales san antonio,0,
car for rent san antonio,0,
how much does it cost to rent a car in san francisco,0,
car rental broadway san antonio,0,
car rental app san antonio,0,
hertz san antonio near me,0,
car rental 8 san antonio airport,0,
car rental 8 san antonio,0,
how do i return my rental car at san antonio airport,0,
how much are rental cars in san antonio,0,
how much does it cost to rent a car in china,0,
how much is a 2 month car rental,0,
car garage rental san antonio,0,
how much is a car rental from hertz,0,
how much is a rental car in san antonio,0,
how much is it to rent a car in san diego,0,
how old do you have to be to rent a car in san antonio texas,0,
car rent san antonio ibiza,0,
is buying a rental car a good idea reddit,0,
is it cheaper to uber or rent a car in san diego,0,
car hire san antonio bay,0,
car rental san antonio airport march 25-april 3,0,
chevy camero car rental san antonio,0,
dollar car rental san antonio:river walk,0,
picture car rental san antonio,0,
manual car rental san antonio,0,